City,Date,PM2.5,PM10,NO,NO2,NOx,NH3,CO,SO2,O3,Benzene,Toluene,Xylene,AQI,AQI_Bucket
Ahmedabad,2015-01-29,83.13,,6.93,28.71,33.72,,6.93,49.52,59.76,0.02,0.0,3.14,209.0,Poor
Ahmedabad,2015-02-05,58.36,,2.6,21.39,23.31,,2.6,32.66,53.54,0.0,0.0,0.0,149.0,Moderate
Ahmedabad,2015-02-06,79.29,,1.16,26.94,26.83,,1.16,67.41,59.3,0.0,0.0,0.0,190.0,Moderate
Ahmedabad,2015-02-07,88.7,,7.29,31.32,37.73,,7.29,80.09,44.76,0.0,0.0,0.0,247.0,Poor
Ahmedabad,2015-03-02,60.78,,9.07,18.21,27.34,,9.07,29.48,34.75,2.05,0.55,0.22,189.0,Moderate
Ahmedabad,2015-03-08,71.56,,3.51,16.83,20.32,,3.51,30.28,57.16,3.95,8.01,0.63,190.0,Moderate
Ahmedabad,2015-03-09,119.8,,4.13,24.07,27.9,,4.13,50.35,50.49,4.85,12.15,1.35,233.0,Poor
Ahmedabad,2015-03-13,97.34,,3.67,21.58,24.62,,3.67,64.39,45.69,5.61,15.02,2.25,244.0,Poor
Ahmedabad,2015-03-14,83.92,,6.42,25.03,30.8,,6.42,67.53,34.94,8.24,21.47,3.09,234.0,Poor
Ahmedabad,2015-03-15,49.51,,3.1,14.16,16.15,,3.1,48.33,37.95,4.34,11.34,1.09,219.0,Poor
Ahmedabad,2015-03-16,30.76,,2.72,14.14,16.98,,2.72,43.62,54.78,3.58,9.38,0.84,118.0,Moderate
Ahmedabad,2015-03-17,50.29,,5.34,29.84,33.28,,5.34,59.23,45.44,5.45,15.12,1.65,231.0,Poor
Ahmedabad,2015-04-02,77.69,,5.24,18.87,23.06,,5.24,100.48,27.14,9.49,11.77,1.6,222.0,Poor
Ahmedabad,2015-04-03,53.07,,4.17,13.82,17.45,,4.17,40.36,21.76,4.47,6.94,0.42,169.0,Moderate
Ahmedabad,2015-04-04,63.11,,5.63,15.5,18.49,,5.63,38.21,4.72,5.2,8.17,0.73,220.0,Poor
Ahmedabad,2015-04-11,61.06,,3.52,14.03,17.59,,3.52,8.08,19.54,0.0,0.0,0.01,126.0,Moderate
Ahmedabad,2015-04-12,39.42,,5.28,19.56,24.66,,5.28,17.66,31.3,0.0,0.0,0.0,175.0,Moderate
Ahmedabad,2015-04-13,111.86,,3.89,22.51,25.17,,3.89,15.84,31.23,0.0,0.0,0.0,226.0,Poor
Ahmedabad,2015-04-14,58.37,,5.74,21.71,27.69,,5.74,25.9,43.92,2.15,10.46,5.4,244.0,Poor
Ahmedabad,2015-04-22,63.38,,3.44,13.28,15.44,,3.44,24.79,43.62,0.0,0.0,1.23,189.0,Moderate
Ahmedabad,2015-04-24,80.9,,5.7,18.62,24.23,,5.7,65.44,22.8,0.05,0.09,3.46,214.0,Poor
Ahmedabad,2015-04-26,107.5,,5.29,15.56,19.73,,5.29,74.37,10.12,0.09,0.16,2.91,239.0,Poor
Ahmedabad,2015-05-01,96.65,,4.67,15.9,20.53,,4.67,39.41,11.83,0.01,0.0,3.11,240.0,Poor
Ahmedabad,2015-05-05,83.99,,2.73,0.08,2.75,,2.73,34.06,69.57,0.28,0.05,8.97,227.0,Poor
Ahmedabad,2015-05-06,65.11,,3.14,4.58,6.75,,3.14,22.27,32.26,0.17,0.04,5.84,120.0,Moderate
Ahmedabad,2015-05-07,51.03,,6.24,20.47,26.2,,6.24,15.5,31.44,0.0,0.0,1.29,158.0,Moderate
Ahmedabad,2015-05-08,38.73,,8.0,19.28,26.61,,8.0,20.13,25.7,0.0,0.0,2.08,177.0,Moderate
Ahmedabad,2015-05-09,61.12,,9.94,17.82,27.18,,9.94,39.69,25.9,0.0,0.0,3.49,201.0,Poor
Ahmedabad,2015-05-10,58.44,,10.68,17.24,27.38,,10.68,54.69,18.89,0.0,0.0,1.39,211.0,Poor
Ahmedabad,2015-05-11,61.49,,11.44,16.69,27.61,,11.44,42.66,18.2,0.01,0.0,2.59,221.0,Poor
Ahmedabad,2015-05-12,65.39,,12.3,16.08,27.86,,12.3,27.96,22.35,0.0,0.0,2.29,233.0,Poor
Ahmedabad,2015-05-18,130.34,,7.14,17.43,23.72,,7.14,52.07,29.05,5.05,14.0,1.3,212.0,Poor
Ahmedabad,2015-05-20,42.0,,10.44,18.16,21.8,,10.44,17.0,25.5,0.0,0.0,0.0,162.0,Moderate
Ahmedabad,2015-05-23,38.88,,2.18,16.28,17.74,,2.18,26.4,12.47,3.0,6.96,6.37,128.0,Moderate
Ahmedabad,2015-05-24,46.89,,2.96,16.17,18.49,,2.96,41.96,10.74,3.41,8.87,3.53,129.0,Moderate
Ahmedabad,2015-05-25,70.96,,4.12,15.47,19.28,,4.12,23.67,16.01,3.72,8.13,4.06,152.0,Moderate
Ahmedabad,2015-05-26,53.66,,4.23,14.43,18.06,,4.23,14.46,45.64,2.39,6.4,3.53,176.0,Moderate
Ahmedabad,2015-05-27,45.49,,4.26,13.73,17.1,,4.26,12.85,71.85,2.5,5.96,3.36,167.0,Moderate
Ahmedabad,2015-05-28,60.86,,5.27,16.61,21.42,,5.27,14.91,41.19,3.03,9.18,6.54,106.0,Moderate
Ahmedabad,2015-05-29,51.93,,13.71,17.87,31.64,,13.71,15.33,12.88,6.32,19.17,10.57,231.0,Poor
Ahmedabad,2015-05-31,57.59,,5.6,15.47,20.42,,5.6,41.68,25.51,2.64,6.3,3.08,174.0,Moderate
Ahmedabad,2015-06-01,77.22,,7.02,15.47,21.13,,7.02,71.97,9.56,3.74,8.45,1.17,185.0,Moderate
Ahmedabad,2015-06-02,45.29,,7.25,12.74,19.66,,7.25,18.64,6.32,2.73,6.99,0.76,179.0,Moderate
Ahmedabad,2015-06-03,103.78,,6.36,13.9,19.86,,6.36,7.76,15.27,0.82,1.37,0.81,211.0,Poor
Ahmedabad,2015-06-04,25.14,,6.01,18.73,24.74,,6.01,38.05,38.52,0.0,0.0,0.0,192.0,Moderate
Ahmedabad,2015-06-06,89.6,,6.59,19.84,25.9,,6.59,48.05,44.78,0.0,0.0,0.0,223.0,Poor
Ahmedabad,2015-06-07,80.69,,6.86,16.07,22.25,,6.86,39.85,32.65,0.0,0.0,0.0,192.0,Moderate
Ahmedabad,2015-06-08,44.75,,7.76,16.53,24.29,,7.76,9.89,8.07,0.0,0.0,0.0,191.0,Moderate
Ahmedabad,2015-06-09,38.11,,7.41,11.62,19.03,,7.41,3.13,6.69,2.5,5.93,0.74,184.0,Moderate
Ahmedabad,2015-06-10,45.5,,8.56,15.59,24.15,,8.56,0.76,3.82,5.09,8.52,1.82,220.0,Poor
Ahmedabad,2015-06-11,36.98,,8.21,11.52,19.74,,8.21,0.52,5.17,3.63,8.16,1.33,215.0,Poor
Ahmedabad,2015-06-12,43.58,,8.26,13.33,21.58,,8.26,1.02,7.56,3.59,6.79,1.5,226.0,Poor
Ahmedabad,2015-06-14,38.06,,8.67,18.57,27.25,,8.67,1.05,4.63,2.85,5.12,0.74,216.0,Poor
Ahmedabad,2015-06-15,45.41,,9.35,20.55,29.9,,9.35,0.74,4.5,2.83,7.18,0.82,237.0,Poor
Ahmedabad,2015-06-16,37.71,,8.54,16.26,24.8,,8.54,0.87,4.6,2.52,7.61,0.81,198.0,Moderate
Ahmedabad,2015-06-17,32.37,,7.53,14.36,21.89,,7.53,2.17,12.17,1.88,7.92,0.69,195.0,Moderate
Ahmedabad,2015-06-18,34.74,,7.59,13.51,21.11,,7.59,4.11,12.22,1.82,6.19,0.47,187.0,Moderate
Ahmedabad,2015-06-19,32.56,,7.34,13.91,21.25,,7.34,4.04,11.85,2.55,9.3,0.97,181.0,Moderate
Ahmedabad,2015-06-20,29.28,,7.55,11.68,19.23,,7.55,4.01,12.64,1.64,7.0,0.62,179.0,Moderate
Ahmedabad,2015-06-21,20.46,,7.15,10.61,17.76,,7.15,5.62,12.7,1.26,5.17,0.32,188.0,Moderate
Ahmedabad,2015-06-22,26.07,,7.99,11.07,19.06,,7.99,4.1,10.57,1.5,6.9,0.63,190.0,Moderate
Ahmedabad,2015-06-23,21.43,,7.45,11.16,18.62,,7.45,4.99,7.38,1.4,6.69,0.76,185.0,Moderate
Ahmedabad,2015-06-24,11.91,,7.34,10.1,17.44,,7.34,10.86,5.47,1.3,12.23,0.73,189.0,Moderate
Ahmedabad,2015-06-25,57.75,,8.68,9.68,18.36,,8.68,12.28,3.06,1.98,6.51,0.74,196.0,Moderate
Ahmedabad,2015-06-26,66.39,,8.58,12.79,21.36,,8.58,11.09,4.96,1.76,6.18,0.57,201.0,Poor
Ahmedabad,2015-06-27,62.61,,9.15,9.83,18.98,,9.15,12.31,6.44,1.87,5.47,0.37,231.0,Poor
Ahmedabad,2015-06-28,47.5,,8.07,9.53,17.59,,8.07,13.91,7.28,1.34,3.97,0.12,196.0,Moderate
Ahmedabad,2015-06-29,111.8,,9.23,11.51,20.74,,9.23,5.27,5.99,1.84,5.69,0.28,220.0,Poor
Ahmedabad,2015-06-30,30.0,,8.87,13.59,22.64,,8.87,8.09,6.31,1.32,4.59,0.16,244.0,Poor
Ahmedabad,2015-07-01,4.66,,9.01,10.9,20.36,,9.01,7.31,6.38,1.27,3.94,0.13,223.0,Poor
Ahmedabad,2015-07-02,48.72,,9.56,11.94,21.5,,9.56,5.72,6.61,1.77,4.96,0.39,230.0,Poor
Ahmedabad,2015-07-03,49.7,,9.43,9.81,19.23,,9.43,6.78,6.42,2.0,4.79,0.31,243.0,Poor
Ahmedabad,2015-07-04,48.1,,8.03,9.53,17.57,,8.03,9.33,7.6,1.68,4.41,0.18,215.0,Poor
Ahmedabad,2015-07-05,47.43,,8.11,9.45,17.56,,8.11,7.93,7.08,2.1,3.6,0.13,199.0,Moderate
Ahmedabad,2015-07-06,51.74,,8.91,12.38,21.28,,8.91,10.05,5.78,2.15,3.64,0.27,200.0,Moderate
Ahmedabad,2015-07-07,42.68,,9.74,11.08,20.82,,9.74,10.87,4.44,1.62,4.96,0.39,226.0,Poor
Ahmedabad,2015-07-08,38.45,,10.55,7.8,18.35,,10.55,10.28,3.24,2.46,4.79,0.41,241.0,Poor
Ahmedabad,2015-07-09,46.69,,11.48,0.17,11.64,,11.48,10.25,5.76,1.77,4.34,0.15,222.0,Poor
Ahmedabad,2015-07-10,55.27,,11.55,0.12,11.66,,11.55,12.7,6.55,1.69,4.17,0.22,223.0,Poor
Ahmedabad,2015-07-11,149.03,,11.49,0.16,11.65,,11.49,10.07,7.27,1.71,5.72,0.19,248.0,Poor
Ahmedabad,2015-07-13,111.77,,11.3,0.24,11.53,,11.3,7.73,4.67,1.72,4.52,0.16,232.0,Poor
Ahmedabad,2015-07-15,51.35,,8.0,2.69,10.67,,8.0,10.0,5.76,1.54,4.32,0.35,223.0,Poor
Ahmedabad,2015-07-16,65.37,,0.64,8.07,8.57,,0.64,16.31,8.02,1.63,4.34,0.28,105.0,Moderate
Ahmedabad,2015-07-17,56.28,,0.6,8.02,8.51,,0.6,18.93,6.2,1.52,3.74,0.29,101.0,Moderate
Ahmedabad,2015-07-18,48.17,,0.65,8.0,8.55,,0.65,18.99,7.97,1.23,4.74,0.12,93.0,Satisfactory
Ahmedabad,2015-07-19,33.56,,0.72,7.89,8.56,,0.72,11.28,10.18,0.61,3.85,0.08,67.0,Satisfactory
Ahmedabad,2015-07-20,31.3,,0.55,8.1,8.49,,0.55,10.29,7.44,0.52,2.31,0.06,60.0,Satisfactory
Ahmedabad,2015-07-22,57.11,,0.55,8.28,8.42,,0.55,14.58,2.6,2.81,14.53,1.87,90.0,Satisfactory
Ahmedabad,2015-07-23,34.72,,0.1,9.73,7.88,,0.1,13.62,4.87,1.44,5.22,0.38,78.0,Satisfactory
Ahmedabad,2015-07-24,29.22,,0.06,9.57,7.77,,0.06,13.58,5.08,1.37,3.65,0.32,48.0,Good
Ahmedabad,2015-07-25,29.79,,0.14,8.64,7.97,,0.14,15.11,5.34,0.36,1.05,0.14,53.0,Satisfactory
Ahmedabad,2015-07-26,59.95,,0.18,8.78,8.16,,0.18,11.52,2.79,0.52,1.23,0.22,91.0,Satisfactory
Ahmedabad,2015-07-27,19.2,,1.52,9.45,9.74,,1.52,11.23,4.61,1.29,3.29,0.15,70.0,Satisfactory
Ahmedabad,2015-07-28,19.52,,5.89,11.26,17.15,,5.89,11.56,4.4,0.58,1.44,0.07,157.0,Moderate
Ahmedabad,2015-07-29,35.16,,5.75,10.89,16.64,,5.75,14.7,3.67,1.61,3.71,0.48,158.0,Moderate
Ahmedabad,2015-07-30,33.03,,7.01,10.58,17.58,,7.01,12.95,3.53,1.65,3.96,0.37,169.0,Moderate
Ahmedabad,2015-07-31,40.95,,6.92,10.47,17.39,,6.92,19.8,3.38,2.05,5.08,0.44,174.0,Moderate
Ahmedabad,2015-08-01,40.29,,6.74,10.52,17.26,,6.74,8.27,3.57,1.85,4.34,0.39,173.0,Moderate
Ahmedabad,2015-08-02,41.16,,6.91,10.51,17.42,,6.91,13.48,3.69,1.8,4.23,0.33,172.0,Moderate
Ahmedabad,2015-08-03,36.12,,7.21,11.56,17.07,,7.21,13.62,6.08,1.67,2.85,0.11,190.0,Moderate
Ahmedabad,2015-08-04,28.51,,6.69,20.52,27.21,,6.69,5.69,7.65,1.36,2.17,0.09,171.0,Moderate
Ahmedabad,2015-08-05,31.59,,6.99,20.42,27.41,,6.99,9.23,7.9,0.72,2.29,0.12,168.0,Moderate
Ahmedabad,2015-08-06,42.56,,7.17,20.4,27.57,,7.17,6.28,9.86,1.36,2.94,0.28,172.0,Moderate
Ahmedabad,2015-08-07,48.12,,7.14,20.3,27.45,,7.14,6.77,12.78,1.22,3.39,0.26,173.0,Moderate
Ahmedabad,2015-08-08,37.09,,7.22,20.21,27.42,,7.22,8.66,7.94,0.86,2.98,0.16,175.0,Moderate
Ahmedabad,2015-08-09,33.4,,7.4,20.09,27.5,,7.4,9.95,8.39,0.8,2.13,0.07,179.0,Moderate
Ahmedabad,2015-08-10,38.64,,7.35,20.21,27.55,,7.35,9.74,6.28,1.31,2.8,0.27,174.0,Moderate
Ahmedabad,2015-08-11,40.49,,7.48,20.23,27.71,,7.48,8.92,21.51,1.17,3.0,0.11,176.0,Moderate
Ahmedabad,2015-08-12,41.37,,7.47,20.2,27.68,,7.47,11.73,19.8,1.82,2.85,0.17,179.0,Moderate
Ahmedabad,2015-08-13,44.56,,7.49,20.06,27.55,,7.49,11.23,22.77,1.38,3.36,0.44,175.0,Moderate
Ahmedabad,2015-08-14,65.68,,7.57,19.94,27.51,,7.57,8.21,30.21,3.62,5.79,1.0,177.0,Moderate
Ahmedabad,2015-08-15,33.34,,7.3,20.27,27.57,,7.3,6.41,32.95,0.0,0.0,0.02,175.0,Moderate
Ahmedabad,2015-08-16,39.17,,7.35,20.24,27.58,,7.35,9.17,26.64,0.79,0.76,0.14,174.0,Moderate
Ahmedabad,2015-08-17,34.0,,7.41,20.1,27.51,,7.41,9.64,17.17,1.21,1.8,0.15,179.0,Moderate
Ahmedabad,2015-08-18,36.38,,7.31,20.14,27.45,,7.31,10.65,13.35,2.0,4.33,0.35,177.0,Moderate
Ahmedabad,2015-08-19,38.35,,7.41,20.16,27.57,,7.41,9.33,18.59,1.63,3.74,0.35,180.0,Moderate
Ahmedabad,2015-09-10,50.24,,9.46,12.31,21.77,,9.46,11.63,13.61,0.0,3.42,0.29,226.0,Poor
Ahmedabad,2015-09-12,46.93,,7.14,11.47,18.61,,7.14,7.92,19.03,0.0,3.08,0.12,209.0,Poor
Ahmedabad,2015-09-13,43.01,,6.82,9.96,16.78,,6.82,11.58,20.59,0.0,2.5,0.13,179.0,Moderate
Ahmedabad,2015-09-14,42.06,,8.43,11.35,19.78,,8.43,11.63,28.09,0.0,3.19,0.2,197.0,Moderate
Ahmedabad,2015-09-15,44.94,,7.14,10.94,18.07,,7.14,5.85,59.38,0.0,2.21,0.24,229.0,Poor
Ahmedabad,2015-09-16,29.58,,6.61,9.94,16.55,,6.61,8.82,42.9,0.0,1.87,0.13,170.0,Moderate
Ahmedabad,2015-09-17,32.15,,6.5,9.7,16.2,,6.5,9.2,39.02,0.0,2.73,0.19,164.0,Moderate
Ahmedabad,2015-09-18,36.33,,7.68,12.88,20.56,,7.68,8.28,43.35,0.0,4.29,0.36,195.0,Moderate
Ahmedabad,2015-09-19,24.46,,8.45,10.99,19.44,,8.45,12.59,44.55,0.0,2.52,0.17,220.0,Poor
Ahmedabad,2015-09-22,59.29,,9.21,9.68,18.89,,9.21,5.98,7.69,0.0,3.24,0.19,217.0,Poor
Ahmedabad,2015-09-24,47.39,,9.26,10.48,19.74,,9.26,7.72,7.71,0.0,3.41,0.21,241.0,Poor
Ahmedabad,2015-09-25,43.88,,8.69,19.75,28.44,,8.69,4.83,11.53,0.0,3.24,0.16,244.0,Poor
Ahmedabad,2015-09-26,28.35,,9.05,13.62,22.68,,9.05,7.47,15.95,0.0,3.26,0.21,243.0,Poor
Ahmedabad,2015-09-27,3.59,,11.26,14.17,25.44,,11.26,9.6,20.38,0.0,4.02,0.46,244.0,Poor
Ahmedabad,2015-09-30,69.12,,8.85,32.41,41.26,,8.85,15.63,28.45,0.0,7.16,0.73,231.0,Poor
Ahmedabad,2015-10-04,87.18,,7.83,21.51,29.34,,7.83,6.98,23.17,5.59,17.26,2.28,230.0,Poor
Ahmedabad,2015-10-11,91.41,,5.19,23.45,28.63,,5.19,25.44,6.25,0.69,1.25,0.05,227.0,Poor
Ahmedabad,2015-10-22,64.66,,4.79,23.83,28.61,,4.79,34.4,24.76,6.24,12.04,2.24,213.0,Poor
Ahmedabad,2015-10-29,51.72,,1.89,21.15,23.04,,1.89,37.31,66.58,3.96,11.1,0.75,188.0,Moderate
Ahmedabad,2015-10-30,54.59,,2.31,18.33,20.64,,2.31,19.08,42.43,3.47,10.25,1.12,114.0,Moderate
Ahmedabad,2015-10-31,46.5,,1.22,12.1,13.32,,1.22,13.73,61.56,1.9,4.5,0.22,143.0,Moderate
Ahmedabad,2016-07-02,20.87,,9.04,7.49,16.54,,9.04,1.6,14.27,0.0,0.0,0.0,213.0,Poor
Ahmedabad,2016-07-03,35.08,,8.36,6.52,14.88,,8.36,1.63,19.44,0.0,0.0,0.0,218.0,Poor
Ahmedabad,2016-07-04,40.23,,8.68,2.79,11.47,,8.68,1.69,15.16,0.0,0.0,0.0,214.0,Poor
Ahmedabad,2016-07-05,54.25,,8.11,2.78,10.89,,8.11,1.42,18.46,0.0,0.0,0.0,207.0,Poor
Ahmedabad,2016-07-06,49.04,,7.38,1.65,9.03,,7.38,1.44,15.33,0.0,0.0,0.0,169.0,Moderate
Ahmedabad,2016-07-15,36.47,,0.98,37.13,22.38,,0.98,19.01,,0.0,0.0,0.0,72.0,Satisfactory
Ahmedabad,2016-07-16,40.9,,4.09,36.77,24.99,,4.09,17.01,,0.0,0.0,0.0,91.0,Satisfactory
Ahmedabad,2016-07-17,34.19,,6.02,34.38,20.93,,6.02,14.17,,0.0,0.0,0.0,124.0,Moderate
Ahmedabad,2016-07-18,32.92,,4.92,36.8,25.92,,4.92,14.66,,0.0,0.0,0.0,145.0,Moderate
Ahmedabad,2016-07-21,33.48,,1.94,30.88,27.87,,1.94,14.26,,0.0,0.0,0.0,114.0,Moderate
Ahmedabad,2016-07-22,30.8,,2.57,25.15,24.2,,2.57,17.02,,0.0,0.0,0.0,148.0,Moderate
Ahmedabad,2016-07-23,30.47,,1.64,38.78,36.5,,1.64,15.8,,0.0,0.01,0.0,99.0,Satisfactory
Ahmedabad,2016-07-24,34.64,,6.67,39.23,38.7,,6.67,15.07,,0.0,0.0,0.0,117.0,Moderate
Ahmedabad,2016-07-26,46.52,,3.87,33.24,33.53,,3.87,15.0,6.9,0.0,0.0,0.0,183.0,Moderate
Ahmedabad,2016-08-05,33.93,,5.06,13.41,16.13,,5.06,19.54,6.16,3.24,0.04,0.0,234.0,Poor
Ahmedabad,2016-08-14,85.1,,8.14,12.91,21.04,,8.14,14.51,12.45,2.64,9.08,1.5,240.0,Poor
Ahmedabad,2016-08-15,55.55,,8.38,13.45,21.83,,8.38,16.6,11.84,3.91,8.47,1.27,220.0,Poor
Ahmedabad,2016-08-18,37.68,,6.39,9.49,15.88,,6.39,16.15,13.7,2.5,6.9,0.92,216.0,Poor
Ahmedabad,2016-08-19,32.78,,6.08,12.1,20.94,,6.08,12.29,13.13,2.6,10.38,2.52,174.0,Moderate
Ahmedabad,2016-08-23,40.43,,7.42,10.29,23.27,,7.42,12.24,5.0,2.99,8.49,1.36,189.0,Moderate
Ahmedabad,2016-08-24,31.15,,8.91,9.94,18.86,,8.91,21.48,12.97,3.07,7.01,1.11,204.0,Poor
Ahmedabad,2016-08-25,33.76,,9.15,12.22,21.37,,9.15,17.68,8.36,2.68,8.58,1.24,207.0,Poor
Ahmedabad,2016-08-26,35.95,,10.05,9.75,19.8,,10.05,16.66,8.61,2.59,9.85,1.74,218.0,Poor
Ahmedabad,2016-08-27,58.07,,10.51,8.67,19.18,,10.51,21.2,19.87,3.49,11.59,3.3,243.0,Poor
Ahmedabad,2016-08-28,46.04,,9.72,8.75,18.46,,9.72,17.27,10.35,2.09,6.33,1.19,219.0,Poor
Ahmedabad,2016-08-29,52.27,,10.79,9.23,20.02,,10.79,19.62,9.14,4.67,8.96,1.89,247.0,Poor
Ahmedabad,2016-08-30,46.68,,10.08,9.3,19.73,,10.08,17.77,15.97,2.98,7.55,1.4,235.0,Poor
Ahmedabad,2016-08-31,44.59,,10.47,7.39,17.86,,10.47,17.62,11.2,2.88,6.65,1.0,234.0,Poor
Ahmedabad,2016-09-01,30.81,,9.36,7.86,17.22,,9.36,17.58,15.72,1.96,4.87,0.97,217.0,Poor
Ahmedabad,2016-09-02,47.67,,9.63,8.39,18.02,,9.63,16.95,18.89,2.41,6.07,1.07,222.0,Poor
Ahmedabad,2016-09-03,35.69,,9.38,8.14,18.2,,9.38,16.72,14.63,1.77,5.62,0.78,241.0,Poor
Ahmedabad,2016-09-04,36.44,,9.59,7.07,16.66,,9.59,17.76,14.99,1.53,5.32,0.59,225.0,Poor
Ahmedabad,2016-09-05,33.83,,10.14,7.82,18.27,,10.14,17.93,13.9,1.49,4.8,0.66,241.0,Poor
Ahmedabad,2016-09-06,34.23,,10.17,7.14,17.3,,10.17,18.76,13.79,1.35,3.9,0.58,237.0,Poor
Ahmedabad,2016-09-08,35.99,,9.91,8.65,18.56,,9.91,19.29,18.16,1.77,4.13,2.96,220.0,Poor
Ahmedabad,2016-09-09,37.93,,9.75,9.2,18.95,,9.75,19.07,15.42,2.23,4.58,1.11,221.0,Poor
Ahmedabad,2016-09-10,31.94,,9.5,7.84,17.34,,9.5,16.87,14.27,1.12,3.59,0.65,226.0,Poor
Ahmedabad,2016-09-11,18.04,,7.3,7.02,17.19,,7.3,15.49,19.0,0.61,2.32,0.36,208.0,Poor
Ahmedabad,2016-09-12,27.9,,9.52,9.55,21.06,,9.52,14.48,21.74,1.28,5.49,1.3,190.0,Moderate
Ahmedabad,2016-09-16,53.94,,10.01,12.54,22.55,,10.01,18.85,24.79,2.72,9.57,2.13,249.0,Poor
Ahmedabad,2016-09-17,49.34,,9.75,8.67,18.43,,9.75,15.82,26.39,2.02,6.6,0.97,213.0,Poor
Ahmedabad,2016-09-18,,,,,,,,,,,,,135.0,Moderate
Ahmedabad,2016-09-24,26.75,,9.8,6.77,16.57,,9.8,19.37,17.5,1.94,4.72,0.71,216.0,Poor
Ahmedabad,2016-09-25,34.16,,9.66,5.46,15.12,,9.66,18.59,17.44,0.63,3.06,0.47,212.0,Poor
Ahmedabad,2016-09-26,30.07,,9.82,5.73,15.55,,9.82,18.28,17.65,1.65,3.38,0.6,214.0,Poor
Ahmedabad,2016-09-27,25.54,,9.5,5.56,15.63,,9.5,15.28,16.47,1.1,2.55,0.48,222.0,Poor
Ahmedabad,2016-09-28,38.47,,10.63,5.7,16.34,,10.63,17.44,17.34,1.28,3.62,0.78,216.0,Poor
Ahmedabad,2016-09-29,42.55,,10.36,6.59,16.95,,10.36,17.85,20.24,1.28,2.99,0.24,236.0,Poor
Ahmedabad,2016-09-30,38.1,,10.2,7.04,17.24,,10.2,18.46,16.83,1.6,3.68,0.3,225.0,Poor
Ahmedabad,2016-10-01,27.22,,12.02,6.34,18.36,,12.02,17.38,12.94,1.25,5.51,0.06,231.0,Poor
Ahmedabad,2016-10-04,,,,,,,,,,,,,236.0,Poor
Ahmedabad,2016-10-10,70.34,,11.25,7.1,18.35,,11.25,12.49,20.13,0.0,0.0,0.0,232.0,Poor
Ahmedabad,2016-10-11,50.49,,10.91,5.04,15.95,,10.91,13.29,22.39,0.0,0.0,0.0,229.0,Poor
Ahmedabad,2016-10-12,42.25,,11.07,6.55,17.62,,11.07,9.61,24.3,0.0,0.0,0.0,227.0,Poor
Ahmedabad,2016-10-13,48.23,,11.09,9.01,19.25,,11.09,18.51,18.52,0.01,0.02,0.0,236.0,Poor
Ahmedabad,2016-10-19,83.57,,7.8,10.61,18.41,,7.8,19.72,30.68,3.77,15.49,5.59,213.0,Poor
Ahmedabad,2016-10-23,76.96,,6.95,9.04,16.0,,6.95,28.44,41.7,2.06,7.8,3.18,236.0,Poor
Ahmedabad,2016-10-24,73.05,,7.04,8.37,15.4,,7.04,40.0,40.57,2.35,4.96,2.44,192.0,Moderate
Ahmedabad,2016-10-25,72.52,,7.31,9.14,16.45,,7.31,28.08,32.65,1.76,5.73,3.64,230.0,Poor
Ahmedabad,2017-10-11,61.72,,,,36.6,,,,9.73,4.67,15.99,0.64,105.0,Moderate
Ahmedabad,2017-10-22,59.26,,,,28.25,,,,26.22,5.08,10.27,1.19,146.0,Moderate
Ahmedabad,2017-10-23,51.72,,,,34.62,,,,24.71,5.35,10.47,0.92,80.0,Satisfactory
Ahmedabad,2017-10-24,67.4,,,,37.53,,,,19.89,7.54,15.47,1.19,102.0,Moderate
Ahmedabad,2017-11-16,85.32,,5.06,31.48,15.88,,5.06,124.92,28.71,14.55,0.55,6.98,195.0,Moderate
Ahmedabad,2017-12-03,58.62,,5.49,61.64,34.16,,5.49,88.67,86.71,8.51,31.34,3.59,205.0,Poor
Ahmedabad,2017-12-04,68.53,,5.78,61.38,34.25,,5.78,85.69,88.35,9.43,38.61,4.86,164.0,Moderate
Ahmedabad,2017-12-05,81.38,,5.9,55.07,31.27,,5.9,58.91,39.29,11.0,41.5,16.69,187.0,Moderate
Ahmedabad,2017-12-06,56.54,,5.46,32.13,19.75,,5.46,31.81,66.39,8.81,27.96,3.73,149.0,Moderate
Ahmedabad,2017-12-07,74.08,,7.19,57.73,33.53,,7.19,45.02,40.27,15.38,53.13,9.9,215.0,Poor
Ahmedabad,2017-12-09,86.09,,5.9,72.14,39.59,,5.9,114.3,59.39,16.74,75.26,9.42,167.0,Moderate
Ahmedabad,2017-12-16,77.34,,6.33,61.41,34.68,,6.33,102.44,75.64,12.03,37.64,3.29,232.0,Poor
Ahmedabad,2017-12-17,65.93,,5.7,45.55,26.48,,5.7,99.74,105.69,9.37,36.74,3.21,174.0,Moderate
Ahmedabad,2017-12-18,66.58,,7.16,62.16,35.66,,7.16,98.89,66.87,11.34,52.45,9.93,198.0,Moderate
Ahmedabad,2017-12-21,72.04,,7.78,73.92,41.87,,7.78,114.05,73.53,15.03,58.24,7.72,246.0,Poor
Ahmedabad,2017-12-22,67.44,,5.95,62.74,35.05,,5.95,99.05,93.19,12.12,47.21,5.22,216.0,Poor
Ahmedabad,2018-01-09,66.89,,5.86,92.57,49.53,,5.86,89.53,68.56,9.0,37.96,4.21,216.0,Poor
Ahmedabad,2018-02-14,65.35,,6.17,104.31,53.74,,6.17,59.29,64.67,0.74,5.81,3.21,172.0,Moderate
Ahmedabad,2018-03-02,53.5,,4.52,105.31,54.74,,4.52,171.32,,11.62,69.29,16.62,132.0,Moderate
Ahmedabad,2018-03-03,41.64,,13.79,104.44,61.23,,13.79,109.4,63.12,12.47,69.84,13.17,212.0,Poor
Ahmedabad,2018-04-21,37.9,,4.96,31.24,18.93,,4.96,16.31,34.76,0.74,15.2,3.21,210.0,Poor
Ahmedabad,2018-04-29,39.97,,7.15,32.39,19.83,,7.15,30.7,36.08,2.62,15.35,3.21,219.0,Poor
Ahmedabad,2018-05-04,41.81,,8.66,27.69,19.91,,8.66,36.92,,5.04,23.67,0.65,249.0,Poor
Ahmedabad,2018-05-07,41.04,,7.56,28.36,19.48,,7.56,54.07,,5.02,20.38,0.65,228.0,Poor
Ahmedabad,2018-05-12,44.79,,7.28,32.12,21.1,,7.28,74.84,37.9,6.22,30.82,0.65,222.0,Poor
Ahmedabad,2018-05-15,46.06,,7.07,27.6,18.74,,7.07,59.55,32.54,5.54,27.16,0.65,232.0,Poor
Ahmedabad,2018-05-16,52.82,,9.88,28.48,21.26,,9.88,73.73,27.07,6.94,29.35,0.96,247.0,Poor
Ahmedabad,2018-05-18,59.44,,6.67,31.77,20.48,,6.67,86.73,38.54,5.65,31.0,0.65,236.0,Poor
Ahmedabad,2018-05-22,69.87,,6.96,34.82,22.14,,6.96,16.35,40.76,8.23,32.22,0.65,217.0,Poor
Ahmedabad,2018-06-07,53.59,,10.18,45.53,29.81,,10.18,59.53,17.93,4.73,22.97,0.65,247.0,Poor
Ahmedabad,2018-10-05,73.89,,4.5,53.74,28.34,,4.5,46.31,59.52,3.65,12.86,4.34,214.0,Poor
Ahmedabad,2018-10-27,72.93,,90.96,78.54,73.82,,90.96,39.24,69.95,3.87,21.26,7.16,161.0,Moderate
Ahmedabad,2018-11-28,68.3,,8.69,73.99,22.45,,8.69,50.93,72.2,3.99,32.22,6.84,228.0,Poor
Ahmedabad,2018-12-15,59.4,,7.23,47.87,15.42,,7.23,21.53,71.46,4.07,32.33,6.97,191.0,Moderate
Ahmedabad,2018-12-16,54.75,,6.99,43.7,14.29,,6.99,19.99,76.37,4.06,32.31,6.94,172.0,Moderate
Ahmedabad,2018-12-17,62.18,,7.67,55.29,17.43,,7.67,29.22,73.67,4.06,32.31,6.93,198.0,Moderate
Ahmedabad,2019-01-07,74.62,,8.16,73.22,21.96,,8.16,48.21,74.83,4.12,32.35,6.99,236.0,Poor
Ahmedabad,2019-01-15,66.97,,6.96,37.35,12.77,,6.96,28.48,89.73,4.11,32.42,7.03,172.0,Moderate
Ahmedabad,2019-01-16,161.09,,101.89,116.48,108.56,,101.89,64.92,84.85,4.06,32.36,6.94,116.0,Moderate
Ahmedabad,2019-06-22,63.09,152.67,12.65,163.54,110.17,,12.65,26.31,113.94,6.3,80.04,1.48,184.0,Moderate
Ahmedabad,2019-10-20,89.05,129.36,5.69,159.1,83.99,,5.69,105.73,76.58,1.15,23.37,2.04,228.0,Poor
Ahmedabad,2019-10-21,81.62,118.57,1.7,121.02,60.92,,1.7,117.2,114.49,1.15,23.37,2.04,225.0,Poor
Ahmedabad,2019-10-23,46.84,83.85,6.05,114.63,62.81,,6.05,118.83,91.42,1.15,23.37,2.04,249.0,Poor
Ahmedabad,2019-10-27,57.54,81.3,7.32,72.14,43.54,,7.32,120.11,103.24,1.15,23.37,2.04,199.0,Moderate
Ahmedabad,2019-10-28,75.12,158.06,7.95,68.64,42.55,,7.95,106.2,55.96,1.15,23.37,2.04,212.0,Poor
Ahmedabad,2019-10-29,37.74,93.24,7.42,62.2,38.81,,7.42,110.11,51.34,1.15,23.37,2.04,200.0,Moderate
Ahmedabad,2019-11-28,38.15,89.99,7.78,140.56,77.43,,7.78,166.39,40.11,1.46,23.05,1.8,236.0,Poor
Ahmedabad,2019-11-29,48.47,87.26,5.55,103.61,56.87,,5.55,186.08,44.3,3.84,46.94,1.65,212.0,Poor
Ahmedabad,2019-11-30,46.95,86.39,8.07,86.67,51.48,,8.07,147.78,41.06,3.5,43.31,1.72,199.0,Moderate
Ahmedabad,2019-12-01,43.06,79.08,5.26,81.68,45.84,,5.26,137.18,42.68,2.75,35.25,1.87,248.0,Poor
Ahmedabad,2019-12-02,46.74,76.39,4.02,60.49,34.1,,4.02,112.45,48.16,2.75,35.25,1.87,192.0,Moderate
Ahmedabad,2019-12-03,41.61,83.5,3.87,54.14,30.83,,3.87,123.27,57.81,2.75,35.25,1.87,134.0,Moderate
Ahmedabad,2019-12-04,77.66,99.48,4.32,62.09,35.21,,4.32,93.11,51.79,2.75,35.25,1.87,140.0,Moderate
Ahmedabad,2019-12-05,65.48,121.86,7.8,82.62,48.13,,7.8,66.09,42.3,2.75,35.25,1.87,197.0,Moderate
Ahmedabad,2019-12-13,52.59,92.57,6.92,11.32,10.69,,6.92,25.09,23.94,,,,242.0,Poor
Ahmedabad,2019-12-14,63.33,99.3,4.66,14.79,10.69,,4.66,29.4,24.07,,,,157.0,Moderate
Ahmedabad,2019-12-15,48.58,93.92,2.56,12.0,7.76,,2.56,20.56,27.73,,,,177.0,Moderate
Ahmedabad,2019-12-16,45.47,89.73,5.2,20.62,13.94,,5.2,18.8,30.45,,,,145.0,Moderate
Ahmedabad,2019-12-17,54.42,102.4,5.67,25.45,16.65,,5.67,26.19,29.22,,,,237.0,Poor
Ahmedabad,2019-12-18,72.45,116.1,8.84,25.88,19.22,,8.84,29.77,24.83,,,,231.0,Poor
Ahmedabad,2019-12-21,64.25,121.71,10.97,34.29,24.92,,10.97,73.34,12.43,,,,206.0,Poor
Ahmedabad,2019-12-22,60.17,104.08,3.75,18.36,11.75,,3.75,39.26,8.94,,,,170.0,Moderate
Ahmedabad,2019-12-23,57.99,97.02,2.2,17.47,10.16,,2.2,52.32,6.35,,,,113.0,Moderate
Ahmedabad,2019-12-24,49.63,95.51,1.89,19.99,11.16,,1.89,79.47,4.87,,,,113.0,Moderate
Ahmedabad,2019-12-25,53.0,98.1,4.07,20.11,12.85,,4.07,69.13,5.4,,,,166.0,Moderate
Ahmedabad,2019-12-26,52.77,95.25,6.64,31.26,20.2,,6.64,50.74,10.61,,,,216.0,Poor
Ahmedabad,2020-01-01,79.57,131.62,3.78,12.64,8.99,,3.78,27.7,23.67,4.21,31.42,2.52,216.0,Poor
Ahmedabad,2020-01-02,72.59,128.86,3.63,14.38,9.73,,3.63,23.96,23.67,3.71,31.14,2.52,162.0,Moderate
Ahmedabad,2020-01-03,69.54,128.99,7.06,15.13,12.65,,7.06,35.78,23.66,4.78,31.14,2.52,220.0,Poor
Ahmedabad,2020-01-06,46.96,109.44,7.17,16.88,13.58,,7.17,38.11,23.64,2.75,31.14,2.52,175.0,Moderate
Ahmedabad,2020-01-08,61.4,118.44,2.38,16.33,9.74,,2.38,30.54,23.59,2.75,31.14,2.52,157.0,Moderate
Ahmedabad,2020-01-09,38.89,93.4,2.41,14.14,8.7,,2.41,46.78,23.64,2.75,31.14,2.52,129.0,Moderate
Ahmedabad,2020-01-10,56.14,108.83,2.5,11.65,7.55,,2.5,26.75,23.58,2.75,31.14,2.52,129.0,Moderate
Ahmedabad,2020-01-11,59.96,109.98,2.38,14.37,8.79,,2.38,45.44,23.58,2.75,31.14,2.52,114.0,Moderate
Ahmedabad,2020-01-12,83.9,152.94,8.81,20.66,16.65,,8.81,58.01,23.56,4.42,31.14,2.52,212.0,Poor
Ahmedabad,2020-01-14,39.83,44.53,3.26,16.42,10.29,,3.26,25.78,23.62,2.72,30.82,2.49,189.0,Moderate
Ahmedabad,2020-01-15,53.27,90.4,3.59,16.01,10.43,,3.59,19.5,23.66,2.72,30.82,2.49,142.0,Moderate
Ahmedabad,2020-01-16,40.07,79.32,3.75,13.41,9.34,,3.75,10.67,23.6,2.75,31.14,2.52,152.0,Moderate
Ahmedabad,2020-01-29,28.77,73.99,20.76,21.98,25.69,,20.76,40.13,32.37,1.05,30.73,1.07,204.0,Poor
Ahmedabad,2020-02-09,69.85,124.4,6.25,40.74,24.54,,6.25,27.16,,1.15,38.57,0.52,215.0,Poor
Ahmedabad,2020-02-10,64.94,116.45,8.62,47.28,29.5,,8.62,31.84,71.69,1.15,38.57,0.52,223.0,Poor
Ahmedabad,2020-02-22,36.35,97.03,4.78,52.87,29.36,,4.78,42.9,52.15,0.99,32.61,0.56,168.0,Moderate
Ahmedabad,2020-02-23,54.06,104.74,4.22,51.33,28.19,,4.22,48.07,39.74,0.99,32.61,0.56,219.0,Poor
Ahmedabad,2020-03-04,49.16,125.88,7.4,31.08,20.69,,7.4,51.07,45.99,2.85,46.56,1.13,246.0,Poor
Ahmedabad,2020-03-09,37.02,90.26,5.55,32.91,20.2,,5.55,42.98,67.75,2.85,46.56,1.13,170.0,Moderate
Ahmedabad,2020-03-10,37.67,94.36,2.28,17.52,10.25,,2.28,26.68,16.92,2.85,46.56,1.13,116.0,Moderate
Ahmedabad,2020-03-11,31.12,80.79,3.56,21.51,13.13,,3.56,19.43,16.68,2.85,46.56,1.13,152.0,Moderate
Ahmedabad,2020-03-12,41.19,114.05,6.04,31.18,19.72,,6.04,40.38,,2.85,46.56,1.13,218.0,Poor
Ahmedabad,2020-03-14,39.57,111.46,4.0,35.3,20.2,,4.0,49.34,39.51,2.85,46.56,1.13,170.0,Moderate
Ahmedabad,2020-03-15,39.42,115.8,5.11,31.33,19.1,,5.11,27.4,33.16,2.85,46.56,1.13,215.0,Poor
Ahmedabad,2020-03-16,36.03,90.32,3.89,34.32,19.65,,3.89,28.6,53.81,2.85,46.56,1.13,222.0,Poor
Ahmedabad,2020-03-22,48.16,122.17,5.47,18.27,12.99,,5.47,52.62,33.69,,,,180.0,Moderate
Ahmedabad,2020-03-23,44.61,112.32,4.98,31.4,17.08,,4.98,34.25,49.45,6.81,28.18,7.52,247.0,Poor
Ahmedabad,2020-03-24,31.89,98.52,2.96,25.2,14.5,,2.96,44.87,47.99,4.01,23.25,3.33,135.0,Moderate
Ahmedabad,2020-03-25,33.25,91.38,4.28,33.45,19.44,,4.28,61.4,38.86,4.9,18.98,2.85,195.0,Moderate
Ahmedabad,2020-03-26,43.67,91.12,7.11,26.61,17.61,,7.11,34.72,39.74,4.71,19.16,2.8,216.0,Poor
Ahmedabad,2020-03-27,22.93,37.12,5.23,18.52,12.87,,5.23,16.19,34.41,1.58,7.5,1.08,193.0,Moderate
Ahmedabad,2020-03-28,37.73,72.43,4.67,35.52,20.77,,4.67,16.06,34.72,6.37,26.05,3.56,160.0,Moderate
Ahmedabad,2020-03-29,20.67,75.48,3.08,26.98,15.46,,3.08,22.76,40.17,4.79,15.29,1.95,125.0,Moderate
Ahmedabad,2020-03-30,28.55,89.1,4.11,38.65,21.89,,4.11,19.14,31.5,8.51,37.5,4.88,140.0,Moderate
Ahmedabad,2020-03-31,29.97,98.96,3.85,22.08,13.64,,3.85,32.01,36.86,7.0,29.53,2.5,145.0,Moderate
Ahmedabad,2020-04-01,24.79,86.06,4.5,21.29,13.7,,4.5,22.16,36.76,3.58,15.89,1.88,153.0,Moderate
Ahmedabad,2020-04-02,25.52,88.12,4.46,24.24,15.15,,4.46,18.54,38.17,4.59,19.84,2.09,164.0,Moderate
Ahmedabad,2020-04-03,33.48,87.96,4.51,41.44,23.58,,4.51,23.84,46.53,9.31,40.13,5.44,173.0,Moderate
Ahmedabad,2020-04-04,39.44,84.83,3.82,39.88,22.28,,3.82,27.53,58.08,9.71,36.32,4.85,182.0,Moderate
Ahmedabad,2020-04-05,43.77,87.96,3.35,40.99,22.49,,3.35,31.4,53.61,10.92,46.65,5.63,152.0,Moderate
Ahmedabad,2020-04-06,46.64,95.3,3.75,29.6,17.24,,3.75,22.2,49.67,7.65,37.78,3.94,145.0,Moderate
Ahmedabad,2020-04-07,45.8,104.5,3.87,16.8,11.04,,3.87,31.04,48.2,5.44,20.89,1.47,159.0,Moderate
Ahmedabad,2020-04-08,36.3,90.07,5.19,15.65,11.51,,5.19,30.8,49.83,4.66,14.64,1.08,183.0,Moderate
Ahmedabad,2020-04-09,32.12,89.74,5.07,21.61,14.33,,5.07,20.75,62.53,5.64,18.82,2.04,168.0,Moderate
Ahmedabad,2020-04-10,30.73,78.56,4.36,28.65,17.23,,0.59,32.01,42.61,6.91,32.15,3.51,113.0,Moderate
Ahmedabad,2020-04-11,30.18,74.99,3.06,34.81,19.26,,0.45,25.09,39.0,8.52,51.18,6.71,89.0,Satisfactory
Ahmedabad,2020-04-12,26.7,72.83,2.72,27.0,15.18,,0.36,21.57,42.16,5.63,34.1,3.97,101.0,Moderate
Ahmedabad,2020-04-13,18.77,61.54,2.81,23.01,13.01,,0.39,26.86,47.88,3.41,25.88,2.56,95.0,Satisfactory
Ahmedabad,2020-04-14,31.16,72.09,3.22,25.9,14.73,,0.37,21.85,43.35,4.75,31.33,3.61,89.0,Satisfactory
Ahmedabad,2020-04-15,23.69,64.81,2.28,17.18,10.04,,0.43,23.5,44.04,2.14,29.17,1.67,88.0,Satisfactory
Ahmedabad,2020-04-16,38.65,81.47,3.7,26.76,14.75,,0.36,22.03,54.24,5.84,34.58,3.22,95.0,Satisfactory
Ahmedabad,2020-04-17,30.8,76.25,4.22,25.97,12.68,,0.36,18.03,37.28,3.22,22.59,1.83,92.0,Satisfactory
Ahmedabad,2020-04-18,30.69,107.31,3.43,22.57,11.7,,0.41,36.24,39.3,3.89,31.0,2.45,96.0,Satisfactory
Ahmedabad,2020-04-19,21.27,65.12,3.66,13.93,9.31,,0.36,21.0,40.56,1.67,14.29,0.95,99.0,Satisfactory
Ahmedabad,2020-04-20,29.84,77.98,3.91,15.77,10.58,,0.34,25.22,38.31,2.27,15.74,1.02,86.0,Satisfactory
Ahmedabad,2020-04-21,27.81,73.99,3.41,16.32,10.46,,0.39,19.16,38.23,2.33,17.57,1.5,87.0,Satisfactory
Ahmedabad,2020-04-22,32.11,94.34,3.68,17.95,11.49,,0.45,15.83,42.22,5.48,33.62,2.16,101.0,Moderate
Ahmedabad,2020-04-23,31.67,81.09,3.93,16.17,10.82,,0.35,32.39,43.6,3.97,20.74,1.23,106.0,Moderate
Ahmedabad,2020-04-24,27.19,82.36,3.52,16.13,9.85,,0.28,20.59,51.81,1.78,9.02,0.67,110.0,Moderate
Ahmedabad,2020-04-25,28.25,70.48,4.83,13.88,10.25,,0.38,16.51,41.74,1.17,9.32,0.56,98.0,Satisfactory
Ahmedabad,2020-04-26,25.91,73.35,4.78,13.82,10.29,,0.4,10.58,44.44,1.8,10.39,0.75,101.0,Moderate
Ahmedabad,2020-04-27,31.76,81.16,3.99,19.95,12.7,,0.46,29.73,52.46,3.52,20.49,1.34,117.0,Moderate
Ahmedabad,2020-04-28,32.55,87.41,3.53,23.58,14.12,,0.46,42.86,50.2,4.92,32.73,2.51,130.0,Moderate
Ahmedabad,2020-04-29,27.15,76.73,3.18,24.82,14.4,,0.67,32.97,54.81,3.39,32.14,2.46,122.0,Moderate
Ahmedabad,2020-04-30,26.93,74.38,2.76,17.05,10.37,,0.46,37.7,56.97,1.92,18.54,1.64,128.0,Moderate
Ahmedabad,2020-05-01,28.71,89.91,2.83,13.32,8.6,,0.54,26.36,49.97,1.59,15.82,0.92,128.0,Moderate
Ahmedabad,2020-05-02,22.56,63.23,3.68,15.16,10.09,,0.56,25.87,55.72,1.55,10.29,0.65,131.0,Moderate
Ahmedabad,2020-05-03,23.82,62.1,4.69,16.38,11.49,,0.64,22.71,54.35,2.83,16.27,0.89,121.0,Moderate
Ahmedabad,2020-05-04,23.73,69.88,4.85,15.87,11.36,,0.73,20.04,58.72,2.38,16.23,0.9,130.0,Moderate
Ahmedabad,2020-05-05,33.47,134.83,3.6,29.05,13.84,,0.54,2.42,54.8,3.57,26.59,1.91,143.0,Moderate
Ahmedabad,2020-05-06,26.52,79.38,4.06,18.06,11.7,,0.67,,59.96,3.7,19.68,1.57,146.0,Moderate
Ahmedabad,2020-05-07,30.45,75.08,3.74,21.48,13.23,,0.4,,58.31,7.47,34.84,1.72,135.0,Moderate
Ahmedabad,2020-05-08,26.79,66.34,3.71,14.99,10.06,,0.51,,57.81,3.26,20.64,0.86,127.0,Moderate
Ahmedabad,2020-05-09,23.79,74.56,5.61,16.64,11.91,,0.55,,52.49,4.37,20.72,1.14,122.0,Moderate
Ahmedabad,2020-05-10,26.17,62.14,1.93,14.73,8.61,,0.77,,56.28,2.65,16.72,0.84,125.0,Moderate
Ahmedabad,2020-05-11,21.31,66.1,1.85,15.01,8.68,,0.54,,57.55,1.9,13.92,0.76,125.0,Moderate
Ahmedabad,2020-05-12,21.94,69.06,2.95,16.95,10.47,,0.58,,57.89,3.3,16.19,0.97,135.0,Moderate
Ahmedabad,2020-05-13,23.19,67.28,4.12,17.46,11.59,,0.48,,52.31,2.85,18.48,0.88,117.0,Moderate
Ahmedabad,2020-05-14,21.9,64.39,2.98,18.73,11.33,,0.49,,51.86,2.28,16.67,0.81,127.0,Moderate
Ahmedabad,2020-05-15,19.15,78.8,3.93,19.59,12.47,,0.51,,61.79,4.14,25.58,1.62,125.0,Moderate
Ahmedabad,2020-05-16,35.75,107.68,2.54,18.72,11.0,,0.39,,54.31,3.02,18.12,1.25,136.0,Moderate
Ahmedabad,2020-05-17,27.28,63.5,2.5,18.56,10.84,,0.68,,55.52,2.91,17.83,1.29,137.0,Moderate
Ahmedabad,2020-05-18,20.85,61.13,2.6,21.35,12.35,,0.62,,54.41,2.95,20.62,3.15,133.0,Moderate
Ahmedabad,2020-05-19,23.98,56.9,4.15,26.56,16.04,,0.61,,59.05,4.36,22.17,2.43,133.0,Moderate
Ahmedabad,2020-05-20,25.6,82.26,2.86,22.47,13.05,,0.69,,60.12,5.5,25.02,1.96,132.0,Moderate
Ahmedabad,2020-05-21,33.35,84.99,2.64,25.02,14.15,,0.56,,62.4,6.41,21.6,1.86,130.0,Moderate
Ahmedabad,2020-05-22,31.38,90.28,4.54,35.67,20.77,,0.65,,62.39,7.75,32.76,2.64,142.0,Moderate
Ahmedabad,2020-05-23,29.26,82.26,2.58,22.23,12.73,,0.67,,55.64,5.36,25.91,1.69,135.0,Moderate
Ahmedabad,2020-05-24,25.47,67.79,2.73,17.85,10.7,,0.81,,57.16,2.62,11.5,1.34,140.0,Moderate
Ahmedabad,2020-05-25,24.84,70.95,3.98,16.03,10.65,,0.57,,57.53,2.24,12.49,0.98,126.0,Moderate
Ahmedabad,2020-05-26,29.78,99.14,2.88,19.35,11.55,,0.59,,50.52,1.68,10.42,0.99,126.0,Moderate
Ahmedabad,2020-05-27,31.25,89.65,3.65,21.42,13.17,,0.83,,54.58,4.01,15.74,1.08,123.0,Moderate
Ahmedabad,2020-05-28,30.7,86.02,3.56,18.84,11.85,,0.56,,55.49,8.88,17.32,1.41,117.0,Moderate
Ahmedabad,2020-05-29,23.91,81.0,3.29,18.6,11.52,,0.57,,44.9,5.47,15.33,1.37,126.0,Moderate
Ahmedabad,2020-05-30,25.71,66.36,3.4,16.46,10.53,,0.41,,47.74,4.67,15.53,1.27,112.0,Moderate
Ahmedabad,2020-05-31,22.83,67.92,3.82,15.35,10.31,,0.4,,53.06,3.03,15.14,1.13,104.0,Moderate
Ahmedabad,2020-06-01,31.02,312.28,2.74,22.62,13.07,,0.64,,66.9,6.78,23.27,3.08,126.0,Moderate
Ahmedabad,2020-06-02,131.88,173.4,2.71,41.56,22.26,,0.45,20.08,34.26,10.84,43.9,5.19,152.0,Moderate
Ahmedabad,2020-06-04,26.08,84.25,4.99,37.3,21.51,,0.79,21.29,56.78,5.69,32.56,3.39,101.0,Moderate
Ahmedabad,2020-06-05,30.72,88.9,3.76,33.6,19.08,,0.63,14.73,4.08,7.45,43.04,2.98,92.0,Satisfactory
Ahmedabad,2020-06-06,33.19,65.77,3.91,39.76,22.28,,0.71,14.4,40.28,8.11,25.23,3.18,95.0,Satisfactory
Ahmedabad,2020-06-07,20.67,69.5,5.19,34.11,20.48,,0.82,13.05,36.32,6.71,20.69,3.63,93.0,Satisfactory
Ahmedabad,2020-06-08,22.92,70.97,4.88,28.47,17.52,,0.57,11.6,30.16,7.93,20.35,3.84,97.0,Satisfactory
Ahmedabad,2020-06-09,21.17,81.73,5.23,25.68,16.39,,0.86,12.69,39.69,4.48,18.91,3.27,84.0,Satisfactory
Ahmedabad,2020-06-10,23.62,94.06,5.9,20.92,14.59,,0.85,16.22,44.32,5.27,23.65,6.7,101.0,Moderate
Ahmedabad,2020-06-11,20.4,66.21,5.3,26.94,17.05,,0.68,18.41,37.38,8.21,38.36,7.98,92.0,Satisfactory
Ahmedabad,2020-06-12,21.4,93.89,5.28,22.4,14.85,,0.85,16.27,45.05,7.9,40.74,13.19,105.0,Moderate
Ahmedabad,2020-06-13,21.72,62.28,3.93,28.15,16.62,,1.18,17.51,30.53,7.01,30.2,8.68,98.0,Satisfactory
Ahmedabad,2020-06-14,24.1,87.14,3.16,27.53,15.77,,0.86,20.82,35.29,6.89,28.99,6.74,96.0,Satisfactory
Ahmedabad,2020-06-15,21.21,92.72,4.03,31.93,18.56,,0.85,19.3,33.59,21.69,44.29,6.77,96.0,Satisfactory
Ahmedabad,2020-06-16,31.49,94.09,6.95,24.73,17.23,,0.85,11.26,38.44,7.54,45.98,3.36,80.0,Satisfactory
Ahmedabad,2020-06-17,14.79,11.5,4.88,19.65,13.18,,0.81,9.4,18.2,4.6,49.52,3.04,95.0,Satisfactory
Ahmedabad,2020-06-19,17.65,135.16,19.86,33.84,22.86,,0.71,9.9,40.03,3.99,51.14,3.62,108.0,Moderate
Ahmedabad,2020-06-20,22.9,120.7,11.79,15.81,10.1,,0.5,10.1,46.04,3.37,42.06,3.59,124.0,Moderate
Ahmedabad,2020-06-21,24.28,138.12,3.45,12.44,8.23,,0.7,11.45,57.31,3.17,58.65,2.87,106.0,Moderate
Ahmedabad,2020-06-22,19.02,98.37,4.48,16.76,11.49,,0.52,13.32,45.85,3.33,53.61,2.67,75.0,Satisfactory
Ahmedabad,2020-06-23,22.2,88.99,7.13,15.67,12.2,,0.51,13.0,64.75,3.18,60.9,2.46,85.0,Satisfactory
Ahmedabad,2020-06-24,30.29,,13.07,25.92,21.72,,0.75,11.99,43.31,1.95,55.13,1.19,91.0,Satisfactory
Ahmedabad,2020-06-25,32.56,142.43,8.29,24.83,18.21,,0.65,11.73,40.54,0.98,51.94,1.22,95.0,Satisfactory
Ahmedabad,2020-06-26,36.48,150.65,8.96,30.78,20.8,,0.59,10.41,44.47,1.76,49.31,1.72,93.0,Satisfactory
Ahmedabad,2020-06-27,62.12,118.67,9.18,56.35,19.86,,0.49,12.44,68.05,1.32,37.76,1.62,92.0,Satisfactory
Ahmedabad,2020-06-28,31.57,,6.37,23.99,16.4,,0.52,11.01,26.34,1.37,49.58,1.34,82.0,Satisfactory
Ahmedabad,2020-06-29,29.75,127.98,9.06,25.15,18.92,,0.67,12.1,34.99,1.39,60.21,0.79,74.0,Satisfactory
Ahmedabad,2020-06-30,40.02,121.1,7.09,58.92,33.41,,0.73,16.39,41.64,1.21,44.1,1.35,98.0,Satisfactory
Ahmedabad,2020-07-01,37.63,,4.42,35.04,20.17,,0.28,14.4,9.69,1.73,47.05,1.87,119.0,Moderate
Bhopal,2019-09-18,21.25,38.2,16.08,37.81,33.18,44.14,1.38,8.95,24.7,,,,89.0,Satisfactory
Bhopal,2019-09-19,16.94,41.09,12.94,25.28,23.96,47.43,0.95,8.08,31.66,,,,77.0,Satisfactory
Bhopal,2019-09-20,15.29,43.1,11.93,26.05,23.56,42.29,0.95,7.52,30.93,,,,76.0,Satisfactory
Bhopal,2019-09-21,20.75,62.7,14.9,30.9,28.55,46.25,1.41,7.31,27.19,,,,82.0,Satisfactory
Bhopal,2019-09-22,11.21,42.45,12.44,25.74,23.8,44.52,1.16,5.82,38.87,,,,90.0,Satisfactory
Bhopal,2019-09-23,11.81,44.21,11.05,25.81,22.72,48.42,1.07,5.34,32.97,,,,82.0,Satisfactory
Bhopal,2019-09-24,17.7,53.29,9.59,28.48,22.95,40.42,1.18,4.96,38.57,,,,80.0,Satisfactory
Bhopal,2019-09-25,20.41,50.27,10.74,28.75,24.02,46.34,1.11,7.96,36.42,,,,81.0,Satisfactory
Bhopal,2019-09-26,17.21,31.31,14.75,27.96,26.86,47.0,1.05,9.32,28.2,,,,77.0,Satisfactory
Bhopal,2019-09-27,12.65,31.54,9.57,20.58,18.72,50.15,0.84,9.64,29.49,,,,69.0,Satisfactory
Bhopal,2019-09-28,3.4,16.32,8.05,14.11,14.05,47.07,0.64,6.72,37.28,,,,52.0,Satisfactory
Bhopal,2019-09-29,7.23,27.84,10.21,17.12,17.41,51.91,0.66,5.91,28.85,,,,49.0,Good
Bhopal,2019-09-30,8.7,36.97,13.93,22.35,23.21,46.82,0.7,8.9,26.74,,,,56.0,Satisfactory
Bhopal,2019-10-01,6.53,21.31,7.3,13.46,13.09,42.77,0.71,7.08,43.46,,,,68.0,Satisfactory
Bhopal,2019-10-02,20.86,72.34,10.44,27.86,23.31,37.95,0.87,7.08,50.24,,,,75.0,Satisfactory
Bhopal,2019-10-03,24.92,106.41,7.92,34.15,24.6,37.23,0.75,9.36,66.15,,,,97.0,Satisfactory
Bhopal,2019-10-04,28.1,122.06,9.29,33.99,25.63,36.82,1.04,8.53,65.06,,,,112.0,Moderate
Bhopal,2019-10-05,26.41,99.6,12.64,36.45,28.3,40.41,1.01,8.38,63.02,,,,117.0,Moderate
Bhopal,2019-10-06,32.5,90.64,10.19,34.81,26.8,16.79,1.19,9.9,40.2,,,,101.0,Moderate
Bhopal,2019-10-07,39.74,102.93,16.9,38.5,34.22,17.08,1.45,8.29,40.72,,,,109.0,Moderate
Bhopal,2019-10-08,52.66,130.64,6.13,34.1,23.13,18.88,1.26,11.29,77.47,,,,143.0,Moderate
Bhopal,2019-10-09,36.92,114.12,3.78,32.53,20.39,13.56,0.83,12.3,79.94,,,,123.0,Moderate
Bhopal,2019-10-10,42.55,126.36,10.57,43.5,31.74,15.13,1.05,10.09,66.05,,,,118.0,Moderate
Bhopal,2019-10-11,53.12,155.77,10.0,38.56,28.64,17.43,0.96,7.99,57.36,,,,141.0,Moderate
Bhopal,2019-10-12,48.92,175.24,17.8,56.37,44.45,15.28,1.37,10.03,61.57,,,,140.0,Moderate
Bhopal,2019-10-13,55.86,199.68,30.94,61.95,58.11,19.45,1.47,9.7,63.59,,,,168.0,Moderate
Bhopal,2019-10-14,44.56,159.02,5.46,33.55,22.29,16.73,0.88,10.87,86.69,,,,159.0,Moderate
Bhopal,2019-10-15,49.07,160.57,9.73,47.42,33.14,19.9,0.96,10.06,71.97,,,,141.0,Moderate
Bhopal,2019-10-16,53.62,185.45,20.64,46.41,41.46,19.78,1.03,10.75,69.49,,,,148.0,Moderate
Bhopal,2019-10-17,60.57,168.04,25.18,44.07,43.92,19.13,1.11,11.46,68.71,,,,155.0,Moderate
Bhopal,2019-10-18,69.65,176.36,15.09,54.27,41.14,22.23,1.5,8.69,62.63,,,,159.0,Moderate
Bhopal,2019-10-19,70.39,152.01,3.82,29.21,18.64,19.85,0.99,13.41,59.11,,,,146.0,Moderate
Bhopal,2019-10-20,86.57,141.8,8.05,41.02,28.36,19.25,1.18,13.41,44.4,,,,144.0,Moderate
Bhopal,2019-10-21,98.98,163.5,7.72,41.72,28.46,20.61,1.17,8.65,45.51,,,,225.0,Poor
Bhopal,2019-10-22,84.03,176.99,9.42,52.3,35.47,19.0,1.3,9.64,46.25,,,,209.0,Poor
Bhopal,2019-10-23,49.01,115.92,9.07,45.9,31.79,16.1,1.09,9.81,51.28,,,,135.0,Moderate
Bhopal,2019-10-24,50.81,153.3,9.86,44.22,31.54,14.41,1.24,15.89,57.63,,,,116.0,Moderate
Bhopal,2019-10-25,82.8,224.32,16.43,51.52,40.76,21.55,1.48,11.75,67.26,,,,181.0,Moderate
Bhopal,2019-10-26,52.39,107.92,4.48,27.36,18.19,16.69,0.8,11.37,51.28,,,,128.0,Moderate
Bhopal,2019-10-27,61.4,89.15,6.93,29.86,21.53,14.07,1.1,12.38,29.35,,,,99.0,Satisfactory
Bhopal,2019-10-28,77.79,108.58,4.49,22.31,15.52,13.27,0.72,14.05,42.02,,,,228.0,Poor
Bhopal,2019-10-29,41.17,79.21,21.42,29.38,33.04,11.37,1.21,10.04,43.73,,,,85.0,Satisfactory
Bhopal,2019-10-30,32.48,71.23,3.49,28.91,18.21,12.66,0.96,12.39,53.56,,,,108.0,Moderate
Bhopal,2019-10-31,76.75,153.35,24.93,69.34,57.14,15.64,1.58,13.23,36.64,,,,117.0,Moderate
Bhopal,2019-11-01,84.25,163.21,10.79,56.23,38.68,16.05,1.39,18.31,53.06,,,,179.0,Moderate
Bhopal,2019-11-02,59.49,119.11,5.75,35.27,23.43,13.07,1.03,15.56,37.27,,,,153.0,Moderate
Bhopal,2019-11-03,41.34,88.69,6.96,32.76,23.08,12.62,1.02,12.54,40.69,,,,97.0,Satisfactory
Bhopal,2019-11-04,62.23,149.39,15.63,48.17,38.34,17.44,1.47,7.87,40.1,,,,129.0,Moderate
Bhopal,2019-11-05,65.74,157.38,7.58,57.11,36.54,17.61,1.46,9.59,52.59,,,,146.0,Moderate
Bhopal,2019-11-06,80.33,174.05,10.14,53.19,36.53,17.61,1.33,15.74,56.88,,,,146.0,Moderate
Bhopal,2019-11-07,65.45,145.09,6.22,36.89,24.68,18.15,1.1,15.52,45.14,,,,186.0,Moderate
Bhopal,2019-11-08,44.76,84.77,2.99,25.32,15.89,13.66,0.77,11.62,57.43,,,,97.0,Satisfactory
Bhopal,2019-11-09,101.67,165.64,2.3,31.65,18.71,14.92,1.03,12.5,109.33,,,,167.0,Moderate
Bhopal,2019-11-10,99.16,177.35,10.72,43.8,32.01,19.28,1.34,11.29,90.45,,,,234.0,Poor
Bhopal,2019-11-11,92.96,199.03,16.07,51.48,40.44,18.67,1.38,15.28,67.58,,,,220.0,Poor
Bhopal,2019-11-12,82.3,178.74,13.38,52.38,38.75,17.8,1.44,22.17,59.06,,,,193.0,Moderate
Bhopal,2019-11-13,89.84,198.72,15.71,63.33,46.46,16.09,1.52,22.96,59.61,,,,193.0,Moderate
Bhopal,2019-11-14,84.8,197.8,12.04,50.55,36.68,16.62,1.32,14.45,71.1,,,,190.0,Moderate
Bhopal,2019-11-15,111.07,251.75,30.18,62.13,57.59,19.76,1.63,19.3,71.84,,,,224.0,Poor
Bhopal,2019-11-18,76.82,193.01,25.39,49.59,47.02,19.67,1.25,11.55,84.68,,,,180.0,Moderate
Bhopal,2019-11-19,76.28,201.55,16.13,55.49,42.63,17.21,1.47,16.06,73.15,,,,174.0,Moderate
Bhopal,2019-11-20,73.75,165.16,3.42,39.49,23.78,14.97,1.07,14.87,79.82,,,,170.0,Moderate
Bhopal,2019-11-21,108.95,209.35,12.97,46.99,35.54,18.68,1.65,22.75,70.97,,,,236.0,Poor
Bhopal,2019-11-25,98.08,173.15,3.15,46.22,27.14,23.88,1.29,15.75,90.66,,,,244.0,Poor
Bhopal,2019-11-26,88.87,172.43,7.93,49.62,32.84,18.02,1.22,33.53,93.56,,,,204.0,Poor
Bhopal,2019-11-29,94.52,214.24,14.13,57.15,41.88,20.77,1.58,20.05,60.33,,,,228.0,Poor
Bhopal,2019-11-30,97.46,232.36,21.0,50.92,44.16,22.73,1.38,17.76,60.26,,,,225.0,Poor
Bhopal,2019-12-01,102.14,208.49,8.14,42.84,29.4,20.31,1.26,22.44,73.56,,,,218.0,Poor
Bhopal,2019-12-03,93.3,164.93,6.13,48.07,30.56,20.14,1.09,12.33,75.97,,,,239.0,Poor
Bhopal,2019-12-04,58.17,133.93,7.7,54.91,35.47,16.48,1.09,12.13,65.29,,,,140.0,Moderate
Bhopal,2019-12-05,54.73,136.33,5.96,53.51,33.31,16.7,0.95,13.59,59.47,,,,135.0,Moderate
Bhopal,2019-12-06,62.92,141.0,5.03,49.41,30.37,18.18,0.95,11.81,73.3,,,,120.0,Moderate
Bhopal,2019-12-07,113.84,213.2,12.45,69.19,46.93,22.78,1.4,23.5,81.85,,,,189.0,Moderate
Bhopal,2019-12-12,86.48,166.1,3.65,45.18,27.1,21.4,0.95,14.53,64.08,,,,243.0,Poor
Bhopal,2019-12-13,48.52,97.13,3.82,36.54,22.65,22.46,0.88,10.42,58.07,,,,121.0,Moderate
Bhopal,2019-12-14,70.34,115.59,5.21,38.1,24.59,23.66,0.92,3.97,48.52,,,,119.0,Moderate
Bhopal,2019-12-15,69.58,105.5,6.59,36.82,25.03,22.4,0.84,5.88,38.72,,,,120.0,Moderate
Bhopal,2019-12-16,68.18,106.69,5.93,41.63,27.06,20.98,0.86,5.34,45.16,,,,137.0,Moderate
Bhopal,2019-12-17,98.75,144.08,6.85,47.53,30.94,25.94,0.96,5.75,49.55,,,,180.0,Moderate
Bhopal,2019-12-18,82.89,138.04,7.56,56.51,36.29,23.1,1.05,7.82,46.45,,,,217.0,Poor
Bhopal,2019-12-19,73.27,132.11,8.28,59.98,38.74,22.72,1.2,12.26,48.92,,,,153.0,Moderate
Bhopal,2019-12-20,92.61,175.92,13.2,69.33,47.71,26.46,1.36,13.54,46.03,,,,197.0,Moderate
Bhopal,2019-12-21,80.04,155.45,5.55,59.83,36.42,24.53,1.15,14.39,61.25,,,,190.0,Moderate
Bhopal,2019-12-22,78.56,147.6,6.2,57.2,35.56,26.5,1.14,10.69,60.14,,,,147.0,Moderate
Bhopal,2019-12-23,71.6,128.59,3.83,49.38,29.46,25.17,0.97,8.04,66.32,,,,171.0,Moderate
Bhopal,2019-12-24,76.98,137.53,5.71,48.93,30.76,25.39,1.09,9.38,50.84,,,,117.0,Moderate
Bhopal,2019-12-25,115.82,169.48,8.72,41.34,29.17,30.99,1.17,6.81,34.89,,,,234.0,Poor
Bhopal,2019-12-26,77.06,128.39,8.89,49.21,33.5,22.13,1.03,7.89,52.24,,,,241.0,Poor
Bhopal,2019-12-27,58.7,124.83,11.62,55.18,38.89,18.09,1.0,10.2,47.03,,,,130.0,Moderate
Bhopal,2019-12-28,45.61,86.96,7.83,43.82,29.77,16.58,0.84,10.54,54.9,,,,99.0,Satisfactory
Bhopal,2019-12-29,65.61,113.96,6.77,46.49,30.32,19.66,0.91,4.24,47.5,,,,106.0,Moderate
Bhopal,2019-12-30,67.7,117.86,6.22,44.05,28.58,20.5,0.98,6.91,51.42,,,,119.0,Moderate
Bhopal,2019-12-31,116.65,173.53,7.22,47.06,31.0,26.45,1.18,10.31,40.11,,,,187.0,Moderate
Bhopal,2020-01-02,84.46,134.81,7.69,38.04,26.58,24.02,1.04,6.96,34.23,,,,223.0,Poor
Bhopal,2020-01-03,96.58,151.47,6.91,41.4,27.73,23.69,1.05,5.29,42.14,,,,199.0,Moderate
Bhopal,2020-01-04,93.38,155.98,14.89,49.68,38.62,21.83,1.33,6.66,41.08,,,,205.0,Poor
Bhopal,2020-01-05,75.17,125.76,10.56,46.67,33.5,22.43,1.1,3.36,37.47,,,,213.0,Poor
Bhopal,2020-01-06,45.49,96.18,8.92,47.62,32.68,15.57,0.9,12.43,47.64,,,,105.0,Moderate
Bhopal,2020-01-07,65.96,162.16,19.71,51.85,43.69,17.07,1.25,19.06,43.92,,,,114.0,Moderate
Bhopal,2020-01-08,74.62,158.19,4.89,35.11,22.74,21.45,0.9,7.48,55.42,,,,153.0,Moderate
Bhopal,2020-01-09,78.07,132.56,5.35,34.05,22.55,20.2,0.74,14.65,47.76,,,,174.0,Moderate
Bhopal,2020-01-10,65.94,113.49,6.89,36.15,24.91,16.54,0.81,7.34,51.3,,,,120.0,Moderate
Bhopal,2020-01-11,65.7,127.1,7.14,46.29,30.51,16.09,0.95,11.1,60.12,,,,115.0,Moderate
Bhopal,2020-01-12,70.03,142.67,22.47,54.59,47.39,19.35,1.35,13.32,49.77,,,,124.0,Moderate
Bhopal,2020-01-13,62.95,150.56,10.38,43.3,31.56,20.43,1.31,15.23,49.23,,,,146.0,Moderate
Bhopal,2020-01-14,85.64,158.56,11.88,48.0,35.28,28.68,1.43,11.31,33.43,,,,147.0,Moderate
Bhopal,2020-01-15,105.95,162.64,8.74,36.38,26.55,30.81,1.22,10.5,28.41,,,,200.0,Moderate
Bhopal,2020-01-17,80.47,139.95,6.67,38.33,25.9,22.01,1.01,17.33,49.45,,,,234.0,Poor
Bhopal,2020-01-18,87.22,145.21,10.87,40.78,30.61,22.86,1.13,16.63,32.11,,,,193.0,Moderate
Bhopal,2020-01-19,61.76,107.46,7.75,39.66,27.49,18.85,0.94,15.78,40.37,,,,137.0,Moderate
Bhopal,2020-01-20,52.0,103.34,5.45,39.37,25.46,16.05,0.82,14.48,48.53,,,,107.0,Moderate
Bhopal,2020-01-21,66.21,133.21,6.97,45.66,30.04,19.36,1.11,12.89,44.59,,,,104.0,Moderate
Bhopal,2020-01-22,77.7,142.79,6.32,37.59,25.21,25.19,0.95,11.27,39.34,,,,147.0,Moderate
Bhopal,2020-01-23,65.7,118.35,7.78,40.99,28.22,20.4,0.93,11.19,55.28,,,,141.0,Moderate
Bhopal,2020-01-24,55.61,153.75,17.0,53.06,42.13,19.31,1.27,12.64,46.25,,,,133.0,Moderate
Bhopal,2020-01-25,80.92,197.84,23.08,60.5,51.03,23.33,1.56,7.33,40.15,,,,151.0,Moderate
Bhopal,2020-01-26,78.94,179.42,14.38,58.1,42.68,24.31,1.5,25.68,46.81,,,,184.0,Moderate
Bhopal,2020-01-27,59.64,173.19,26.16,44.36,44.95,18.5,0.79,16.3,56.0,,,,123.0,Moderate
Bhopal,2020-01-28,51.51,152.6,6.98,29.92,21.68,21.09,0.84,11.42,57.96,,,,162.0,Moderate
Bhopal,2020-01-29,26.35,126.17,5.25,28.66,19.6,11.69,0.64,7.9,60.68,,,,120.0,Moderate
Bhopal,2020-01-30,61.02,121.23,5.37,37.6,24.46,18.98,0.84,7.17,56.55,,,,118.0,Moderate
Bhopal,2020-01-31,41.52,106.72,5.76,45.69,29.07,14.79,0.88,12.28,55.07,,,,111.0,Moderate
Bhopal,2020-02-01,35.23,94.42,4.25,37.21,23.33,13.43,0.76,7.67,62.2,,,,99.0,Satisfactory
Bhopal,2020-02-02,34.11,90.98,4.55,32.89,21.29,12.27,0.71,11.38,65.11,,,,94.0,Satisfactory
Bhopal,2020-02-03,37.8,97.23,4.0,33.21,21.01,15.01,0.78,8.08,60.49,,,,94.0,Satisfactory
Bhopal,2020-02-04,48.21,126.71,5.31,38.18,24.71,18.91,0.93,10.79,53.66,,,,115.0,Moderate
Bhopal,2020-02-05,62.84,133.91,7.6,42.27,28.75,20.4,1.04,14.53,53.22,,,,121.0,Moderate
Bhopal,2020-02-06,53.09,124.54,4.45,37.05,23.41,17.49,0.85,6.99,65.74,,,,124.0,Moderate
Bhopal,2020-02-07,60.4,129.16,4.6,36.83,23.42,18.9,0.86,15.08,66.81,,,,114.0,Moderate
Bhopal,2020-02-08,53.49,122.11,3.78,32.47,20.42,15.92,0.73,8.24,76.07,,,,119.0,Moderate
Bhopal,2020-02-09,45.82,89.86,3.49,32.12,20.01,15.16,0.71,9.61,82.58,,,,109.0,Moderate
Bhopal,2020-02-10,49.99,113.78,3.78,40.19,24.55,15.35,0.89,13.31,73.51,,,,112.0,Moderate
Bhopal,2020-02-11,46.41,106.47,4.08,38.68,23.97,14.81,0.87,14.92,76.77,,,,123.0,Moderate
Bhopal,2020-02-12,58.48,148.28,15.32,48.9,38.55,17.56,1.21,21.56,66.72,,,,122.0,Moderate
Bhopal,2020-02-13,87.83,220.69,18.42,58.91,46.4,22.76,1.66,14.22,47.65,,,,185.0,Moderate
Bhopal,2020-02-14,57.25,176.09,5.2,46.76,29.18,19.61,1.03,7.45,67.55,,,,155.0,Moderate
Bhopal,2020-02-15,49.0,175.48,8.68,51.43,34.5,19.47,1.13,27.49,61.27,,,,151.0,Moderate
Bhopal,2020-02-16,43.85,143.22,11.29,59.43,40.88,19.16,1.17,28.89,45.77,,,,149.0,Moderate
Bhopal,2020-02-17,38.03,135.71,13.08,57.99,41.47,14.98,1.26,26.67,50.86,,,,120.0,Moderate
Bhopal,2020-02-18,36.17,131.02,10.78,55.27,38.25,13.6,1.02,33.94,61.11,,,,136.0,Moderate
Bhopal,2020-02-19,35.5,135.29,10.03,46.73,33.1,13.45,0.84,43.76,57.41,,,,121.0,Moderate
Bhopal,2020-02-20,48.82,147.98,2.01,28.42,16.84,17.72,0.71,47.46,83.37,,,,137.0,Moderate
Bhopal,2020-02-21,52.9,149.75,4.77,31.98,20.98,19.34,0.87,29.67,76.0,,,,127.0,Moderate
Bhopal,2020-02-22,56.47,154.27,3.69,32.01,20.13,22.42,0.86,29.92,74.82,,,,141.0,Moderate
Bhopal,2020-02-23,78.47,149.05,4.03,31.8,20.28,29.18,0.96,24.92,63.72,,,,143.0,Moderate
Bhopal,2020-02-24,64.76,136.8,4.14,35.66,22.42,24.36,0.92,14.21,71.82,,,,138.0,Moderate
Bhopal,2020-02-25,46.56,128.83,7.85,39.53,27.5,15.91,0.97,21.25,65.5,,,,117.0,Moderate
Bhopal,2020-02-26,56.79,182.16,26.5,52.94,49.79,18.01,1.06,21.11,51.59,,,,137.0,Moderate
Bhopal,2020-02-27,45.15,164.28,9.62,41.04,29.74,17.34,1.0,8.22,63.08,,,,152.0,Moderate
Bhopal,2020-02-28,45.67,143.39,2.47,35.5,20.97,16.08,0.76,23.42,77.11,,,,141.0,Moderate
Bhopal,2020-02-29,57.17,177.99,13.46,47.39,36.23,16.95,1.18,31.84,61.89,,,,134.0,Moderate
Bhopal,2020-03-01,56.96,156.55,5.85,35.63,23.8,21.11,1.01,25.01,68.96,,,,149.0,Moderate
Bhopal,2020-03-02,42.46,103.2,3.0,29.98,18.48,20.47,0.75,15.23,66.4,,,,122.0,Moderate
Bhopal,2020-03-03,35.71,127.07,3.65,27.86,17.87,14.47,0.68,14.06,69.86,,,,111.0,Moderate
Bhopal,2020-03-04,50.42,150.43,2.5,26.59,16.27,15.87,0.65,10.82,77.01,,,,128.0,Moderate
Bhopal,2020-03-05,31.62,139.82,2.23,20.25,12.67,11.22,0.46,11.88,74.61,,,,129.0,Moderate
Bhopal,2020-03-06,39.0,152.86,2.36,19.42,12.33,12.66,0.46,11.8,56.95,,,,134.0,Moderate
Bhopal,2020-03-07,31.08,136.03,3.96,25.61,16.93,10.92,0.59,12.4,73.08,,,,126.0,Moderate
Bhopal,2020-03-08,26.46,90.56,4.44,27.92,18.55,11.62,0.71,12.32,65.71,,,,108.0,Moderate
Bhopal,2020-03-09,21.71,76.47,3.9,27.85,18.07,12.02,0.71,15.43,68.42,,,,88.0,Satisfactory
Bhopal,2020-03-10,39.17,90.15,2.52,21.5,13.59,18.53,0.79,9.86,67.84,,,,96.0,Satisfactory
Bhopal,2020-03-11,28.29,79.64,1.95,13.84,9.03,18.37,0.46,9.95,67.6,,,,87.0,Satisfactory
Bhopal,2020-03-12,22.35,90.17,2.05,14.28,9.35,10.48,0.39,7.29,77.34,,,,94.0,Satisfactory
Bhopal,2020-03-13,20.58,120.75,6.24,27.12,19.57,6.91,0.66,14.67,71.87,,,,98.0,Satisfactory
Bhopal,2020-03-14,24.67,136.07,2.1,20.28,12.59,7.68,0.51,14.59,74.51,,,,126.0,Moderate
Bhopal,2020-03-15,31.08,149.46,7.44,33.84,24.13,9.91,0.91,8.41,68.34,,,,126.0,Moderate
Bhopal,2020-03-16,32.78,138.8,7.14,37.17,25.58,13.22,0.99,9.03,64.88,,,,133.0,Moderate
Bhopal,2020-03-17,29.44,112.15,2.98,30.64,18.8,14.25,0.78,10.44,78.11,,,,124.0,Moderate
Bhopal,2020-03-18,30.25,97.28,2.47,30.26,18.2,14.35,0.79,12.89,82.85,,,,109.0,Moderate
Bhopal,2020-03-19,37.56,121.09,3.37,35.15,21.52,15.42,0.93,12.13,72.94,,,,110.0,Moderate
Bhopal,2020-03-20,38.33,115.47,2.26,25.91,15.7,15.65,0.62,18.02,74.85,,,,121.0,Moderate
Bhopal,2020-03-21,48.89,155.55,2.72,23.62,14.86,11.96,0.78,10.45,78.9,,,,118.0,Moderate
Bhopal,2020-03-22,41.97,118.18,1.68,18.18,11.13,16.18,0.62,13.7,71.63,,,,138.0,Moderate
Bhopal,2020-03-23,39.45,120.22,1.94,21.97,13.32,16.32,0.72,13.72,64.16,,,,106.0,Moderate
Bhopal,2020-03-24,35.52,113.66,1.6,15.64,9.71,16.45,0.55,12.88,68.08,,,,118.0,Moderate
Bhopal,2020-03-25,23.88,71.03,1.61,9.83,6.62,20.97,0.37,12.78,64.94,,,,96.0,Satisfactory
Bhopal,2020-03-26,22.93,41.62,1.63,10.67,7.09,24.4,0.37,12.27,65.58,,,,82.0,Satisfactory
Bhopal,2020-03-27,18.97,41.9,1.98,10.34,7.19,20.92,0.4,8.78,39.06,,,,58.0,Satisfactory
Bhopal,2020-03-28,15.69,31.69,0.82,8.36,5.13,20.31,0.37,8.4,32.9,,,,37.0,Good
Bhopal,2020-04-08,32.15,105.58,3.72,6.76,6.73,14.65,0.5,11.77,56.41,,,,102.0,Moderate
Bhopal,2020-04-09,27.54,109.33,3.62,7.8,7.19,14.11,0.56,12.99,55.53,,,,104.0,Moderate
Bhopal,2020-04-10,28.85,99.38,3.71,8.8,7.8,13.17,0.61,10.29,55.03,,,,100.0,Satisfactory
Bhopal,2020-04-11,38.73,98.89,3.85,9.97,8.54,13.81,0.67,13.15,57.49,,,,98.0,Satisfactory
Bhopal,2020-04-12,40.28,113.91,3.15,12.68,7.65,16.76,0.49,14.64,65.78,,,,99.0,Satisfactory
Bhopal,2020-04-13,28.4,92.72,3.92,11.52,8.91,15.22,0.61,12.07,47.31,,,,95.0,Satisfactory
Bhopal,2020-04-14,44.88,122.8,3.95,11.2,9.27,15.61,0.68,13.32,46.95,,,,106.0,Moderate
Bhopal,2020-04-15,37.43,93.53,3.68,9.08,7.91,14.94,0.66,13.68,55.35,,,,104.0,Moderate
Bhopal,2020-04-16,57.8,115.67,4.04,13.67,10.66,14.93,0.8,15.84,47.76,,,,109.0,Moderate
Bhopal,2020-04-17,53.54,130.31,4.02,11.17,9.31,14.78,0.76,15.88,48.17,,,,111.0,Moderate
Bhopal,2020-04-18,59.34,113.89,4.18,12.85,10.33,19.32,0.79,15.02,58.23,,,,120.0,Moderate
Bhopal,2020-04-19,42.56,126.07,3.89,8.33,7.68,16.18,0.59,11.37,73.63,,,,110.0,Moderate
Bhopal,2020-04-20,60.33,132.44,4.25,11.96,9.91,14.59,0.75,17.29,63.71,,,,130.0,Moderate
Bhopal,2020-04-21,39.31,115.59,4.07,9.89,8.67,16.0,0.64,14.84,78.35,,,,118.0,Moderate
Bhopal,2020-04-22,47.96,102.17,4.09,12.98,10.32,15.4,0.69,15.2,80.27,,,,117.0,Moderate
Bhopal,2020-04-23,57.59,113.97,3.96,11.31,9.33,15.13,0.79,16.91,83.48,,,,122.0,Moderate
Bhopal,2020-04-24,41.99,117.82,3.02,10.04,7.74,15.21,0.57,13.09,63.33,,,,110.0,Moderate
Bhopal,2020-04-25,39.18,125.19,3.95,9.76,8.5,11.98,0.4,11.27,65.82,,,,118.0,Moderate
Bhopal,2020-04-26,41.85,134.46,3.72,9.74,8.31,12.77,0.48,11.37,76.15,,,,126.0,Moderate
Bhopal,2020-04-27,26.39,85.85,2.43,11.61,8.14,18.78,0.47,11.08,81.91,,,,121.0,Moderate
Bhopal,2020-04-28,35.29,66.47,1.24,11.29,7.12,14.99,0.47,13.07,86.55,,,,111.0,Moderate
Bhopal,2020-04-29,82.89,130.53,1.84,16.1,10.13,17.23,0.73,12.94,80.84,,,,159.0,Moderate
Bhopal,2020-04-30,44.8,96.89,1.32,12.18,7.66,15.8,0.55,7.65,85.66,,,,127.0,Moderate
Bhopal,2020-05-01,32.01,107.92,1.67,11.74,7.69,14.71,0.43,12.13,74.3,,,,102.0,Moderate
Bhopal,2020-05-02,27.77,88.38,1.14,9.25,5.94,11.53,0.44,9.17,71.92,,,,103.0,Moderate
Bhopal,2020-05-03,19.25,82.49,0.96,6.16,4.14,10.71,0.35,7.39,69.34,,,,82.0,Satisfactory
Bhopal,2020-05-04,31.58,122.09,1.36,8.81,5.88,17.68,0.46,9.41,67.22,,,,104.0,Moderate
Bhopal,2020-05-05,15.83,76.1,1.54,7.98,5.58,14.14,0.36,8.64,88.12,,,,109.0,Moderate
Bhopal,2020-05-06,34.54,89.22,1.26,11.61,7.28,12.35,0.48,13.95,88.75,,,,114.0,Moderate
Bhopal,2020-05-07,16.11,67.7,1.09,9.92,6.24,11.48,0.35,8.21,76.78,,,,96.0,Satisfactory
Bhopal,2020-05-08,27.52,93.84,1.17,11.32,7.06,10.24,0.44,7.76,83.57,,,,103.0,Moderate
Bhopal,2020-05-09,18.74,97.09,0.99,7.07,4.65,9.55,0.34,7.89,74.13,,,,95.0,Satisfactory
Bhopal,2020-05-10,14.74,46.8,1.02,7.37,4.84,12.12,0.34,8.2,82.56,,,,99.0,Satisfactory
Bhopal,2020-05-11,9.48,36.92,0.7,8.68,5.18,14.69,0.28,8.87,99.3,,,,127.0,Moderate
Bhopal,2020-05-12,24.64,63.97,1.01,11.92,7.17,15.3,0.49,14.95,84.88,,,,109.0,Moderate
Bhopal,2020-05-13,24.57,65.88,1.26,12.17,7.58,14.51,0.48,13.84,87.38,,,,116.0,Moderate
Bhopal,2020-05-14,21.91,56.23,1.51,13.25,8.37,17.97,0.44,14.9,82.98,,,,107.0,Moderate
Bhopal,2020-05-15,26.18,70.96,1.36,13.19,8.2,16.36,0.47,20.6,80.83,,,,110.0,Moderate
Bhopal,2020-05-16,24.81,68.94,1.26,12.37,7.69,14.69,0.46,12.43,85.94,,,,112.0,Moderate
Bhopal,2020-05-17,19.6,66.04,1.06,9.67,6.09,15.0,0.37,7.47,89.45,,,,117.0,Moderate
Bhopal,2020-05-18,23.88,73.13,0.8,9.83,5.88,13.96,0.46,8.42,72.55,,,,98.0,Satisfactory
Bhopal,2020-05-19,20.12,99.16,2.6,9.55,7.28,9.94,0.38,8.06,87.72,,,,128.0,Moderate
Bhopal,2020-05-20,16.4,105.71,1.05,10.15,6.34,7.75,0.36,14.42,89.05,,,,115.0,Moderate
Bhopal,2020-05-21,22.62,90.6,1.18,9.55,6.09,9.79,0.45,20.3,103.85,,,,135.0,Moderate
Bhopal,2020-05-22,25.27,90.14,2.03,8.39,5.99,9.36,0.38,13.3,76.7,,,,92.0,Satisfactory
Bhopal,2020-05-23,20.18,62.33,1.0,5.42,3.76,8.61,0.32,11.52,69.56,,,,89.0,Satisfactory
Bhopal,2020-05-24,18.29,44.35,0.93,4.25,3.05,7.82,0.27,9.01,58.9,,,,71.0,Satisfactory
Bhopal,2020-05-25,17.38,38.97,0.96,4.44,3.23,7.94,0.3,13.03,40.33,,,,56.0,Satisfactory
Bhopal,2020-05-26,14.9,62.85,1.02,4.83,3.48,7.61,0.28,11.31,57.61,,,,80.0,Satisfactory
Bhopal,2020-05-27,20.03,121.91,1.16,5.98,4.16,9.85,0.32,13.42,69.97,,,,98.0,Satisfactory
Bhopal,2020-05-28,17.85,114.83,1.14,5.46,3.91,10.6,0.3,12.38,71.28,,,,111.0,Moderate
Bhopal,2020-05-29,19.7,111.09,1.15,5.82,4.1,12.14,0.33,13.02,45.17,,,,110.0,Moderate
Bhopal,2020-05-30,21.88,154.8,1.21,5.49,3.99,11.91,0.33,8.67,57.96,,,,116.0,Moderate
Bhopal,2020-05-31,29.45,134.89,1.05,6.19,4.21,12.83,0.4,5.72,47.8,,,,134.0,Moderate
Bhopal,2020-06-01,21.03,96.44,0.59,6.88,4.14,11.5,0.41,7.93,42.81,,,,120.0,Moderate
Bhopal,2020-06-02,16.93,65.39,0.96,6.58,4.36,12.08,0.39,11.66,35.03,,,,89.0,Satisfactory
Bhopal,2020-06-03,17.26,46.43,1.24,7.38,5.03,12.48,0.42,10.4,43.81,,,,64.0,Satisfactory
Bhopal,2020-06-04,7.93,13.16,1.66,9.12,6.2,17.92,0.43,16.54,55.45,,,,75.0,Satisfactory
Bhopal,2020-06-05,13.61,35.54,1.57,9.09,6.19,15.93,0.44,15.65,47.51,,,,70.0,Satisfactory
Bhopal,2020-06-06,19.53,49.9,2.01,11.56,7.87,16.63,0.43,13.32,42.73,,,,66.0,Satisfactory
Bhopal,2020-06-07,14.54,42.14,1.66,9.51,6.48,17.14,0.42,12.11,45.73,,,,78.0,Satisfactory
Bhopal,2020-06-08,12.75,43.49,1.63,9.41,6.42,15.18,0.43,12.78,49.62,,,,76.0,Satisfactory
Bhopal,2020-06-09,15.77,50.01,1.59,9.24,6.29,14.8,0.52,15.7,53.27,,,,73.0,Satisfactory
Bhopal,2020-06-10,15.42,53.78,1.65,12.02,7.82,17.39,0.52,11.13,46.84,,,,68.0,Satisfactory
Bhopal,2020-06-11,20.25,65.16,1.94,14.5,9.38,17.99,0.63,22.7,31.68,,,,65.0,Satisfactory
Bhopal,2020-06-12,24.26,67.49,1.49,12.35,7.87,19.28,0.65,9.76,53.91,,,,79.0,Satisfactory
Bhopal,2020-06-13,21.85,49.55,1.79,13.89,8.95,19.94,0.71,7.46,37.84,,,,67.0,Satisfactory
Bhopal,2020-06-14,20.64,42.36,1.3,9.29,6.08,21.49,0.58,9.63,40.36,,,,67.0,Satisfactory
Bhopal,2020-06-15,12.16,29.73,1.12,10.12,6.29,18.88,0.59,8.15,75.59,,,,84.0,Satisfactory
Bhopal,2020-06-16,14.33,34.91,3.65,12.29,9.58,17.27,0.49,8.8,80.5,,,,90.0,Satisfactory
Bhopal,2020-06-17,15.38,45.42,3.9,13.45,10.42,16.9,0.46,20.16,79.64,,,,87.0,Satisfactory
Bhopal,2020-06-18,15.62,48.76,4.17,15.27,11.6,15.78,0.58,10.84,77.57,,,,86.0,Satisfactory
Bhopal,2020-06-19,16.08,48.35,5.38,19.92,15.06,13.28,0.94,12.91,66.66,,,,81.0,Satisfactory
Bhopal,2020-06-20,17.49,49.39,2.22,9.81,7.11,17.78,0.87,12.01,54.27,,,,72.0,Satisfactory
Bhopal,2020-06-21,20.94,66.39,1.48,9.01,6.08,27.57,0.47,10.21,41.3,,,,59.0,Satisfactory
Bhopal,2020-06-22,19.17,55.27,2.04,11.02,7.6,17.01,0.54,10.56,47.58,,,,67.0,Satisfactory
Bhopal,2020-06-23,15.56,39.65,1.9,9.46,6.66,16.08,0.55,10.78,40.8,,,,52.0,Satisfactory
Bhopal,2020-06-24,14.49,40.62,2.59,11.66,8.41,14.6,0.56,9.29,54.42,,,,64.0,Satisfactory
Bhopal,2020-06-25,19.66,51.12,2.33,10.96,7.81,14.01,0.62,8.9,38.72,,,,55.0,Satisfactory
Bhopal,2020-06-26,16.85,40.64,2.56,12.46,8.79,15.39,0.64,15.41,33.59,,,,60.0,Satisfactory
Bhopal,2020-06-27,11.04,26.77,2.08,7.55,5.8,12.86,0.48,9.48,51.27,,,,66.0,Satisfactory
Bhopal,2020-06-28,13.58,37.76,1.79,5.54,4.49,12.56,0.41,12.83,48.24,,,,55.0,Satisfactory
Bhopal,2020-06-29,14.68,43.1,1.94,8.22,6.04,12.8,0.46,13.28,48.45,,,,56.0,Satisfactory
Bhopal,2020-06-30,14.48,46.7,2.02,9.17,6.62,11.19,0.5,12.78,50.01,,,,59.0,Satisfactory
Bhopal,2020-07-01,14.0,30.0,1.1,5.12,3.62,8.05,0.35,12.45,48.77,,,,69.0,Satisfactory
